../Images/DataSet\Bad_001_Augment_01.png,-4.252083778381348,4.454556465148926,tensor([1])
../Images/DataSet\Bad_001_Augment_02.png,-5.54595947265625,5.746283531188965,tensor([1])
../Images/DataSet\Bad_001_Augment_03.png,-4.459164619445801,4.606232643127441,tensor([1])
../Images/DataSet\Bad_001_Augment_04.png,-4.438368320465088,4.634514808654785,tensor([1])
../Images/DataSet\Bad_001_Augment_05.png,-3.856689929962158,4.046452045440674,tensor([1])
../Images/DataSet\Bad_001_Augment_06.png,-5.564767360687256,5.502895355224609,tensor([1])
../Images/DataSet\Bad_001_Augment_07.png,-3.589463710784912,3.907191514968872,tensor([1])
../Images/DataSet\Bad_001_Augment_08.png,-5.872406482696533,6.04716682434082,tensor([1])
../Images/DataSet\Bad_002_Augment_01.png,-8.411937713623047,8.337666511535645,tensor([1])
../Images/DataSet\Bad_002_Augment_02.png,-9.502253532409668,9.392972946166992,tensor([1])
../Images/DataSet\Bad_002_Augment_03.png,-9.924474716186523,9.803647994995117,tensor([1])
../Images/DataSet\Bad_002_Augment_04.png,-9.929010391235352,9.842212677001953,tensor([1])
../Images/DataSet\Bad_002_Augment_05.png,-6.589809417724609,6.391210556030273,tensor([1])
../Images/DataSet\Bad_002_Augment_06.png,-7.037784576416016,6.892857074737549,tensor([1])
../Images/DataSet\Bad_002_Augment_07.png,-7.9675140380859375,7.886030197143555,tensor([1])
../Images/DataSet\Bad_002_Augment_08.png,-8.864608764648438,8.847395896911621,tensor([1])
../Images/DataSet\Bad_003_Augment_01.png,-4.688199520111084,4.708887100219727,tensor([1])
../Images/DataSet\Bad_003_Augment_02.png,-4.512422561645508,4.619970321655273,tensor([1])
../Images/DataSet\Bad_003_Augment_03.png,-5.405607223510742,5.361388206481934,tensor([1])
../Images/DataSet\Bad_003_Augment_04.png,-5.526241302490234,5.564424514770508,tensor([1])
../Images/DataSet\Bad_003_Augment_05.png,-3.9833898544311523,4.018566131591797,tensor([1])
../Images/DataSet\Bad_003_Augment_06.png,-5.129498481750488,5.299023151397705,tensor([1])
../Images/DataSet\Bad_003_Augment_07.png,-3.556990385055542,3.5150163173675537,tensor([1])
../Images/DataSet\Bad_003_Augment_08.png,-4.991247177124023,5.130307197570801,tensor([1])
../Images/DataSet\Bad_005_Augment_01.png,-4.544053077697754,4.839432239532471,tensor([1])
../Images/DataSet\Bad_005_Augment_02.png,-6.142916679382324,6.618638515472412,tensor([1])
../Images/DataSet\Bad_005_Augment_03.png,-5.312439918518066,5.859264373779297,tensor([1])
../Images/DataSet\Bad_005_Augment_04.png,-7.744999408721924,8.378755569458008,tensor([1])
../Images/DataSet\Bad_005_Augment_05.png,-4.587469100952148,5.0393171310424805,tensor([1])
../Images/DataSet\Bad_005_Augment_06.png,-7.855825424194336,8.342849731445312,tensor([1])
../Images/DataSet\Bad_005_Augment_07.png,-4.38053560256958,4.629852294921875,tensor([1])
../Images/DataSet\Bad_005_Augment_08.png,-8.53287124633789,8.999519348144531,tensor([1])
../Images/DataSet\Bad_006_Augment_01.png,-5.940505504608154,5.953025817871094,tensor([1])
../Images/DataSet\Bad_006_Augment_02.png,-6.721467971801758,6.697503089904785,tensor([1])
../Images/DataSet\Bad_006_Augment_03.png,-5.727049827575684,5.644069671630859,tensor([1])
../Images/DataSet\Bad_006_Augment_04.png,-8.008220672607422,8.000137329101562,tensor([1])
../Images/DataSet\Bad_006_Augment_05.png,-6.614740371704102,6.865128517150879,tensor([1])
../Images/DataSet\Bad_006_Augment_06.png,-6.876508712768555,6.914278030395508,tensor([1])
../Images/DataSet\Bad_006_Augment_07.png,-6.956799030303955,6.7425537109375,tensor([1])
../Images/DataSet\Bad_006_Augment_08.png,-7.1322550773620605,7.30605936050415,tensor([1])
../Images/DataSet\Bad_007_Augment_01.png,-3.529440402984619,3.470719575881958,tensor([1])
../Images/DataSet\Bad_007_Augment_02.png,-4.215478897094727,4.016924858093262,tensor([1])
../Images/DataSet\Bad_007_Augment_03.png,-5.559211730957031,5.370211601257324,tensor([1])
../Images/DataSet\Bad_007_Augment_04.png,-7.381784439086914,7.504021644592285,tensor([1])
../Images/DataSet\Bad_007_Augment_05.png,-3.431929588317871,3.4214837551116943,tensor([1])
../Images/DataSet\Bad_007_Augment_06.png,-4.1620635986328125,4.09971284866333,tensor([1])
../Images/DataSet\Bad_007_Augment_07.png,-4.754953384399414,4.760366439819336,tensor([1])
../Images/DataSet\Bad_007_Augment_08.png,-4.947029113769531,4.903097152709961,tensor([1])
../Images/DataSet\Bad_008_Augment_01.png,-4.3122758865356445,4.33050537109375,tensor([1])
../Images/DataSet\Bad_008_Augment_02.png,-6.160329818725586,6.1877264976501465,tensor([1])
../Images/DataSet\Bad_008_Augment_03.png,-4.8110504150390625,4.856429576873779,tensor([1])
../Images/DataSet\Bad_008_Augment_04.png,-4.082396507263184,4.035894393920898,tensor([1])
../Images/DataSet\Bad_008_Augment_05.png,-5.468127250671387,5.5156049728393555,tensor([1])
../Images/DataSet\Bad_008_Augment_06.png,-6.865718364715576,6.968760013580322,tensor([1])
../Images/DataSet\Bad_008_Augment_07.png,-3.97393798828125,3.9894983768463135,tensor([1])
../Images/DataSet\Bad_008_Augment_08.png,-2.832463502883911,2.6700515747070312,tensor([1])
../Images/DataSet\Bad_012_Augment_01.png,-8.552342414855957,9.358419418334961,tensor([1])
../Images/DataSet\Bad_012_Augment_02.png,-3.9171881675720215,4.289074897766113,tensor([1])
../Images/DataSet\Bad_012_Augment_03.png,-6.309264659881592,6.689741611480713,tensor([1])
../Images/DataSet\Bad_012_Augment_04.png,-3.4332618713378906,3.782766580581665,tensor([1])
../Images/DataSet\Bad_012_Augment_05.png,-6.256014347076416,6.836831092834473,tensor([1])
../Images/DataSet\Bad_012_Augment_06.png,-5.091083526611328,5.506487846374512,tensor([1])
../Images/DataSet\Bad_012_Augment_07.png,-7.417823791503906,7.84885835647583,tensor([1])
../Images/DataSet\Bad_012_Augment_08.png,-6.150211334228516,6.712954998016357,tensor([1])
../Images/DataSet\Bad_015_Augment_01.png,-9.263927459716797,9.075000762939453,tensor([1])
../Images/DataSet\Bad_015_Augment_02.png,-8.997845649719238,8.922853469848633,tensor([1])
../Images/DataSet\Bad_015_Augment_03.png,-8.722197532653809,8.634737014770508,tensor([1])
../Images/DataSet\Bad_015_Augment_04.png,-9.096576690673828,8.944734573364258,tensor([1])
../Images/DataSet\Bad_015_Augment_05.png,-9.33635425567627,9.141313552856445,tensor([1])
../Images/DataSet\Bad_015_Augment_06.png,-8.95050048828125,8.838903427124023,tensor([1])
../Images/DataSet\Bad_015_Augment_07.png,-8.853961944580078,8.676909446716309,tensor([1])
../Images/DataSet\Bad_015_Augment_08.png,-8.600544929504395,8.40473747253418,tensor([1])
../Images/DataSet\Bad_016_Augment_01.png,-7.230367660522461,7.067333221435547,tensor([1])
../Images/DataSet\Bad_016_Augment_02.png,-7.398545265197754,7.282898426055908,tensor([1])
../Images/DataSet\Bad_016_Augment_03.png,-7.612123966217041,7.515036582946777,tensor([1])
../Images/DataSet\Bad_016_Augment_04.png,-7.381860256195068,7.262729644775391,tensor([1])
../Images/DataSet\Bad_016_Augment_05.png,-8.150900840759277,7.988643646240234,tensor([1])
../Images/DataSet\Bad_016_Augment_06.png,-7.283666610717773,7.150768280029297,tensor([1])
../Images/DataSet\Bad_016_Augment_07.png,-6.9199981689453125,6.758925914764404,tensor([1])
../Images/DataSet\Bad_016_Augment_08.png,-7.069843769073486,6.915110111236572,tensor([1])
../Images/DataSet\Bad_017_Augment_01.png,-4.794548988342285,4.572892189025879,tensor([1])
../Images/DataSet\Bad_017_Augment_02.png,-5.506648063659668,5.32163143157959,tensor([1])
../Images/DataSet\Bad_017_Augment_03.png,-4.06913948059082,4.15579891204834,tensor([1])
../Images/DataSet\Bad_017_Augment_04.png,-5.3456645011901855,5.133160591125488,tensor([1])
../Images/DataSet\Bad_017_Augment_05.png,-4.463044166564941,4.208608150482178,tensor([1])
../Images/DataSet\Bad_017_Augment_06.png,-5.977438926696777,5.952168941497803,tensor([1])
../Images/DataSet\Bad_017_Augment_07.png,-3.75331449508667,3.7543656826019287,tensor([1])
../Images/DataSet\Bad_017_Augment_08.png,-5.761234760284424,5.5224504470825195,tensor([1])
../Images/DataSet\Bad_018_Augment_01.png,-7.118069171905518,7.636919975280762,tensor([1])
../Images/DataSet\Bad_018_Augment_02.png,-6.023686408996582,6.491026878356934,tensor([1])
../Images/DataSet\Bad_018_Augment_03.png,-7.018072605133057,7.322106838226318,tensor([1])
../Images/DataSet\Bad_018_Augment_04.png,-5.957119464874268,6.4789228439331055,tensor([1])
../Images/DataSet\Bad_018_Augment_05.png,-5.873710632324219,6.160579204559326,tensor([1])
../Images/DataSet\Bad_018_Augment_06.png,-5.7809834480285645,6.258633136749268,tensor([1])
../Images/DataSet\Bad_018_Augment_07.png,-7.045487403869629,7.508965492248535,tensor([1])
../Images/DataSet\Bad_018_Augment_08.png,-9.384267807006836,10.128286361694336,tensor([1])
../Images/DataSet\Bad_019_Augment_01.png,-3.661001205444336,3.705033302307129,tensor([1])
../Images/DataSet\Bad_019_Augment_02.png,-5.976830959320068,6.5736799240112305,tensor([1])
../Images/DataSet\Bad_019_Augment_03.png,-4.276996612548828,4.640377998352051,tensor([1])
../Images/DataSet\Bad_019_Augment_04.png,-5.681501388549805,6.01966667175293,tensor([1])
../Images/DataSet\Bad_019_Augment_05.png,-5.428886413574219,5.834686279296875,tensor([1])
../Images/DataSet\Bad_019_Augment_06.png,-7.735965728759766,8.228034019470215,tensor([1])
../Images/DataSet\Bad_019_Augment_07.png,-7.694066047668457,8.041913032531738,tensor([1])
../Images/DataSet\Bad_019_Augment_08.png,-6.189958572387695,6.525527477264404,tensor([1])
../Images/DataSet\Bad_020_Augment_01.png,-6.190474510192871,6.8250579833984375,tensor([1])
../Images/DataSet\Bad_020_Augment_02.png,-5.713181972503662,6.289065361022949,tensor([1])
../Images/DataSet\Bad_020_Augment_03.png,-3.0835819244384766,3.327671766281128,tensor([1])
../Images/DataSet\Bad_020_Augment_04.png,-4.129685401916504,4.258846282958984,tensor([1])
../Images/DataSet\Bad_020_Augment_05.png,-6.148134231567383,6.619921684265137,tensor([1])
../Images/DataSet\Bad_020_Augment_06.png,-8.808409690856934,9.156736373901367,tensor([1])
../Images/DataSet\Bad_020_Augment_07.png,-6.5541605949401855,6.961525917053223,tensor([1])
../Images/DataSet\Bad_020_Augment_08.png,-5.030223369598389,5.57986307144165,tensor([1])
../Images/DataSet\Bad_021_Augment_01.png,-6.439323425292969,6.6288347244262695,tensor([1])
../Images/DataSet\Bad_021_Augment_02.png,-5.308937072753906,5.431954383850098,tensor([1])
../Images/DataSet\Bad_021_Augment_03.png,-4.553740978240967,4.751397132873535,tensor([1])
../Images/DataSet\Bad_021_Augment_04.png,-5.477080345153809,5.511180877685547,tensor([1])
../Images/DataSet\Bad_021_Augment_05.png,-7.772635459899902,8.067444801330566,tensor([1])
../Images/DataSet\Bad_021_Augment_06.png,-7.533622741699219,7.79249382019043,tensor([1])
../Images/DataSet\Bad_021_Augment_07.png,-6.003851890563965,6.164836883544922,tensor([1])
../Images/DataSet\Bad_021_Augment_08.png,-5.483518123626709,5.657231330871582,tensor([1])
../Images/DataSet\Bad_022_Augment_01.png,-7.156747817993164,7.5520477294921875,tensor([1])
../Images/DataSet\Bad_022_Augment_02.png,-5.609582901000977,5.915005207061768,tensor([1])
../Images/DataSet\Bad_022_Augment_03.png,-5.8449883460998535,6.3046488761901855,tensor([1])
../Images/DataSet\Bad_022_Augment_04.png,-5.795395374298096,6.218001842498779,tensor([1])
../Images/DataSet\Bad_022_Augment_05.png,-7.288405418395996,7.6320414543151855,tensor([1])
../Images/DataSet\Bad_022_Augment_06.png,-6.631588935852051,6.95469856262207,tensor([1])
../Images/DataSet\Bad_022_Augment_07.png,-6.1214752197265625,6.476200580596924,tensor([1])
../Images/DataSet\Bad_022_Augment_08.png,-6.558343887329102,6.95635461807251,tensor([1])
../Images/DataSet\Bad_023_Augment_01.png,-6.916159629821777,6.95088005065918,tensor([1])
../Images/DataSet\Bad_023_Augment_02.png,-5.03073787689209,4.9327898025512695,tensor([1])
../Images/DataSet\Bad_023_Augment_03.png,-5.910953521728516,6.035916805267334,tensor([1])
../Images/DataSet\Bad_023_Augment_04.png,-5.086301803588867,5.031664848327637,tensor([1])
../Images/DataSet\Bad_023_Augment_05.png,-3.503772735595703,3.359161138534546,tensor([1])
../Images/DataSet\Bad_023_Augment_06.png,-6.541067123413086,6.680635452270508,tensor([1])
../Images/DataSet\Bad_023_Augment_07.png,-6.903635025024414,6.9231038093566895,tensor([1])
../Images/DataSet\Bad_023_Augment_08.png,-5.878861427307129,5.757080078125,tensor([1])
../Images/DataSet\Bad_024_Augment_01.png,-4.206274032592773,4.298245429992676,tensor([1])
../Images/DataSet\Bad_024_Augment_02.png,-5.639966011047363,5.615717887878418,tensor([1])
../Images/DataSet\Bad_024_Augment_03.png,-4.100222587585449,4.192498683929443,tensor([1])
../Images/DataSet\Bad_024_Augment_04.png,-6.709379196166992,6.767621994018555,tensor([1])
../Images/DataSet\Bad_024_Augment_05.png,-6.809309005737305,6.808632850646973,tensor([1])
../Images/DataSet\Bad_024_Augment_06.png,-5.642231464385986,5.40220832824707,tensor([1])
../Images/DataSet\Bad_024_Augment_07.png,-3.3931236267089844,3.5484769344329834,tensor([1])
../Images/DataSet\Bad_024_Augment_08.png,-6.205292701721191,6.27613639831543,tensor([1])
../Images/DataSet\Bad_025_Augment_01.png,-8.08633041381836,8.409717559814453,tensor([1])
../Images/DataSet\Bad_025_Augment_02.png,-6.426199436187744,6.711811065673828,tensor([1])
../Images/DataSet\Bad_025_Augment_03.png,-5.1943159103393555,5.5792083740234375,tensor([1])
../Images/DataSet\Bad_025_Augment_04.png,-5.238320350646973,5.3798017501831055,tensor([1])
../Images/DataSet\Bad_025_Augment_05.png,-5.518445014953613,5.738591194152832,tensor([1])
../Images/DataSet\Bad_025_Augment_06.png,-6.234275817871094,6.351907730102539,tensor([1])
../Images/DataSet\Bad_025_Augment_07.png,-7.232773303985596,7.5303730964660645,tensor([1])
../Images/DataSet\Bad_025_Augment_08.png,-5.420372009277344,5.831113338470459,tensor([1])
../Images/DataSet\Bad_026_Augment_01.png,-4.928934097290039,5.163805961608887,tensor([1])
../Images/DataSet\Bad_026_Augment_02.png,-5.914516448974609,6.570425987243652,tensor([1])
../Images/DataSet\Bad_026_Augment_03.png,-4.572357177734375,4.88062858581543,tensor([1])
../Images/DataSet\Bad_026_Augment_04.png,-3.7612476348876953,4.13466215133667,tensor([1])
../Images/DataSet\Bad_026_Augment_05.png,-4.870903968811035,5.318574905395508,tensor([1])
../Images/DataSet\Bad_026_Augment_06.png,-4.735943794250488,5.369623184204102,tensor([1])
../Images/DataSet\Bad_026_Augment_07.png,-5.733635902404785,6.0632734298706055,tensor([1])
../Images/DataSet\Bad_026_Augment_08.png,-4.359997749328613,4.60639762878418,tensor([1])
../Images/DataSet\Bad_027_Augment_01.png,-6.3257575035095215,6.623077392578125,tensor([1])
../Images/DataSet\Bad_027_Augment_02.png,-7.802626609802246,8.198942184448242,tensor([1])
../Images/DataSet\Bad_027_Augment_03.png,-4.241850852966309,4.4647674560546875,tensor([1])
../Images/DataSet\Bad_027_Augment_04.png,-6.138786315917969,6.496405601501465,tensor([1])
../Images/DataSet\Bad_027_Augment_05.png,-7.234781265258789,7.474529266357422,tensor([1])
../Images/DataSet\Bad_027_Augment_06.png,-5.330682754516602,5.667112350463867,tensor([1])
../Images/DataSet\Bad_027_Augment_07.png,-5.120558261871338,5.293867588043213,tensor([1])
../Images/DataSet\Bad_027_Augment_08.png,-4.876639366149902,5.010409355163574,tensor([1])
../Images/DataSet\Bad_028_Augment_01.png,-6.364689826965332,6.847284317016602,tensor([1])
../Images/DataSet\Bad_028_Augment_02.png,-5.876654624938965,6.262985706329346,tensor([1])
../Images/DataSet\Bad_028_Augment_03.png,-5.841835975646973,6.164472579956055,tensor([1])
../Images/DataSet\Bad_028_Augment_04.png,-3.5781354904174805,3.7731378078460693,tensor([1])
../Images/DataSet\Bad_028_Augment_05.png,-6.009295463562012,6.502891540527344,tensor([1])
../Images/DataSet\Bad_028_Augment_06.png,-6.959035873413086,7.439839839935303,tensor([1])
../Images/DataSet\Bad_028_Augment_07.png,-4.469142436981201,4.799214839935303,tensor([1])
../Images/DataSet\Bad_028_Augment_08.png,-4.311877727508545,4.575863838195801,tensor([1])
../Images/DataSet\Bad_030_Augment_01.png,-6.492906093597412,6.4727044105529785,tensor([1])
../Images/DataSet\Bad_030_Augment_02.png,-5.157532691955566,5.43698787689209,tensor([1])
../Images/DataSet\Bad_030_Augment_03.png,-3.5211806297302246,3.6252901554107666,tensor([1])
../Images/DataSet\Bad_030_Augment_04.png,-7.8596601486206055,7.901575088500977,tensor([1])
../Images/DataSet\Bad_030_Augment_05.png,-5.568272113800049,5.621667861938477,tensor([1])
../Images/DataSet\Bad_030_Augment_06.png,-3.960958480834961,4.030015468597412,tensor([1])
../Images/DataSet\Bad_030_Augment_07.png,-3.462193250656128,3.58306884765625,tensor([1])
../Images/DataSet\Bad_030_Augment_08.png,-3.6913681030273438,3.728177785873413,tensor([1])
../Images/DataSet\Bad_032_Augment_01.png,-4.870140075683594,5.305141448974609,tensor([1])
../Images/DataSet\Bad_032_Augment_02.png,-6.056256294250488,6.68199348449707,tensor([1])
../Images/DataSet\Bad_032_Augment_03.png,-6.452556610107422,7.020283222198486,tensor([1])
../Images/DataSet\Bad_032_Augment_04.png,-6.280284404754639,6.868448257446289,tensor([1])
../Images/DataSet\Bad_032_Augment_05.png,-5.7907562255859375,6.2522292137146,tensor([1])
../Images/DataSet\Bad_032_Augment_06.png,-6.959136962890625,7.588733673095703,tensor([1])
../Images/DataSet\Bad_032_Augment_07.png,-6.696069717407227,7.1163434982299805,tensor([1])
../Images/DataSet\Bad_032_Augment_08.png,-5.411770343780518,5.913548946380615,tensor([1])
../Images/DataSet\Bad_034_Augment_01.png,-6.117273330688477,6.524307727813721,tensor([1])
../Images/DataSet\Bad_034_Augment_02.png,-6.055635452270508,6.33589506149292,tensor([1])
../Images/DataSet\Bad_034_Augment_03.png,-5.215851306915283,5.671618461608887,tensor([1])
../Images/DataSet\Bad_034_Augment_04.png,-6.12530517578125,6.452964782714844,tensor([1])
../Images/DataSet\Bad_034_Augment_05.png,-3.342085838317871,3.8849995136260986,tensor([1])
../Images/DataSet\Bad_034_Augment_06.png,-5.457949638366699,6.093991756439209,tensor([1])
../Images/DataSet\Bad_034_Augment_07.png,-5.067013740539551,5.575222969055176,tensor([1])
../Images/DataSet\Bad_034_Augment_08.png,-6.628108024597168,7.168125152587891,tensor([1])
../Images/DataSet\Bad_035_Augment_01.png,-4.246565818786621,4.5364203453063965,tensor([1])
../Images/DataSet\Bad_035_Augment_02.png,-4.76393985748291,5.159961223602295,tensor([1])
../Images/DataSet\Bad_035_Augment_03.png,-5.542211055755615,6.117585182189941,tensor([1])
../Images/DataSet\Bad_035_Augment_04.png,-4.567422866821289,5.131003379821777,tensor([1])
../Images/DataSet\Bad_035_Augment_05.png,-5.202759742736816,5.829348564147949,tensor([1])
../Images/DataSet\Bad_035_Augment_06.png,-4.530165672302246,4.974975109100342,tensor([1])
../Images/DataSet\Bad_035_Augment_07.png,-5.747347831726074,6.295969009399414,tensor([1])
../Images/DataSet\Bad_035_Augment_08.png,-3.644078254699707,4.294447422027588,tensor([1])
../Images/DataSet\Bad_036_Augment_01.png,-7.2711181640625,7.376065731048584,tensor([1])
../Images/DataSet\Bad_036_Augment_02.png,-6.063226699829102,6.131303310394287,tensor([1])
../Images/DataSet\Bad_036_Augment_03.png,-5.976751327514648,6.0835371017456055,tensor([1])
../Images/DataSet\Bad_036_Augment_04.png,-6.700844764709473,6.832756042480469,tensor([1])
../Images/DataSet\Bad_036_Augment_05.png,-6.7610979080200195,6.874948501586914,tensor([1])
../Images/DataSet\Bad_036_Augment_06.png,-7.378934860229492,7.564328193664551,tensor([1])
../Images/DataSet\Bad_036_Augment_07.png,-7.396127700805664,7.459024429321289,tensor([1])
../Images/DataSet\Bad_036_Augment_08.png,-8.123475074768066,8.179527282714844,tensor([1])
../Images/DataSet\Bad_037_Augment_01.png,-4.427587985992432,4.489671230316162,tensor([1])
../Images/DataSet\Bad_037_Augment_02.png,-7.003396034240723,7.179352283477783,tensor([1])
../Images/DataSet\Bad_037_Augment_03.png,-4.697921276092529,4.768698692321777,tensor([1])
../Images/DataSet\Bad_037_Augment_04.png,-5.370375156402588,5.35724401473999,tensor([1])
../Images/DataSet\Bad_037_Augment_05.png,-5.625468730926514,5.728448867797852,tensor([1])
../Images/DataSet\Bad_037_Augment_06.png,-6.134312629699707,6.20782470703125,tensor([1])
../Images/DataSet\Bad_037_Augment_07.png,-5.937190055847168,5.968858242034912,tensor([1])
../Images/DataSet\Bad_037_Augment_08.png,-4.649420738220215,4.735784530639648,tensor([1])
../Images/DataSet\Bad_038_Augment_01.png,-4.81701135635376,4.8745574951171875,tensor([1])
../Images/DataSet\Bad_038_Augment_02.png,-7.110649585723877,7.29573392868042,tensor([1])
../Images/DataSet\Bad_038_Augment_03.png,-4.456646919250488,4.539938926696777,tensor([1])
../Images/DataSet\Bad_038_Augment_04.png,-5.520358085632324,5.539963245391846,tensor([1])
../Images/DataSet\Bad_038_Augment_05.png,-5.252363204956055,5.349316120147705,tensor([1])
../Images/DataSet\Bad_038_Augment_06.png,-6.258890151977539,6.351154327392578,tensor([1])
../Images/DataSet\Bad_038_Augment_07.png,-5.877700328826904,5.946134090423584,tensor([1])
../Images/DataSet\Bad_038_Augment_08.png,-4.594881057739258,4.661359786987305,tensor([1])
../Images/DataSet\Bad_039_Augment_01.png,-6.044368743896484,6.358906269073486,tensor([1])
../Images/DataSet\Bad_039_Augment_02.png,-6.730152130126953,7.200769901275635,tensor([1])
../Images/DataSet\Bad_039_Augment_03.png,-6.844461441040039,7.27310848236084,tensor([1])
../Images/DataSet\Bad_039_Augment_04.png,-8.284370422363281,8.708130836486816,tensor([1])
../Images/DataSet\Bad_039_Augment_05.png,-9.189773559570312,9.614278793334961,tensor([1])
../Images/DataSet\Bad_039_Augment_06.png,-7.94080924987793,8.306558609008789,tensor([1])
../Images/DataSet\Bad_039_Augment_07.png,-7.0648651123046875,7.450787544250488,tensor([1])
../Images/DataSet\Bad_039_Augment_08.png,-6.73073673248291,7.1534833908081055,tensor([1])
../Images/DataSet\Bad_040_Augment_01.png,-5.690420150756836,5.719569206237793,tensor([1])
../Images/DataSet\Bad_040_Augment_02.png,-7.3770551681518555,7.501680850982666,tensor([1])
../Images/DataSet\Bad_040_Augment_03.png,-5.261464595794678,5.172941207885742,tensor([1])
../Images/DataSet\Bad_040_Augment_04.png,-5.173737525939941,5.3449602127075195,tensor([1])
../Images/DataSet\Bad_040_Augment_05.png,-7.875185966491699,8.203533172607422,tensor([1])
../Images/DataSet\Bad_040_Augment_06.png,-8.386713981628418,8.56419563293457,tensor([1])
../Images/DataSet\Bad_040_Augment_07.png,-6.421753406524658,6.547558784484863,tensor([1])
../Images/DataSet\Bad_040_Augment_08.png,-5.331429481506348,5.42193603515625,tensor([1])
../Images/DataSet\Bad_041_Augment_01.png,-8.549261093139648,8.78767204284668,tensor([1])
../Images/DataSet\Bad_041_Augment_02.png,-5.3891496658325195,5.629493236541748,tensor([1])
../Images/DataSet\Bad_041_Augment_03.png,-6.589465141296387,6.897348403930664,tensor([1])
../Images/DataSet\Bad_041_Augment_04.png,-6.024852752685547,6.44956111907959,tensor([1])
../Images/DataSet\Bad_041_Augment_05.png,-7.120096206665039,7.373528480529785,tensor([1])
../Images/DataSet\Bad_041_Augment_06.png,-5.899676322937012,6.273098945617676,tensor([1])
../Images/DataSet\Bad_041_Augment_07.png,-8.264215469360352,8.57070541381836,tensor([1])
../Images/DataSet\Bad_041_Augment_08.png,-4.504373550415039,4.691067695617676,tensor([1])
../Images/DataSet\Bad_042_Augment_01.png,-7.000698566436768,6.992250442504883,tensor([1])
../Images/DataSet\Bad_042_Augment_02.png,-7.1997480392456055,7.229110240936279,tensor([1])
../Images/DataSet\Bad_042_Augment_03.png,-6.680319786071777,6.738208770751953,tensor([1])
../Images/DataSet\Bad_042_Augment_04.png,-7.047212600708008,7.055454730987549,tensor([1])
../Images/DataSet\Bad_042_Augment_05.png,-4.7574005126953125,4.509268760681152,tensor([1])
../Images/DataSet\Bad_042_Augment_06.png,-5.323119163513184,5.322177410125732,tensor([1])
../Images/DataSet\Bad_042_Augment_07.png,-4.506983757019043,4.537415504455566,tensor([1])
../Images/DataSet\Bad_042_Augment_08.png,-5.839500427246094,5.756826400756836,tensor([1])
../Images/DataSet\Bad_043_Augment_01.png,-7.908098220825195,7.970089912414551,tensor([1])
../Images/DataSet\Bad_043_Augment_02.png,-6.329263687133789,6.230441570281982,tensor([1])
../Images/DataSet\Bad_043_Augment_03.png,-6.8360676765441895,6.740255832672119,tensor([1])
../Images/DataSet\Bad_043_Augment_04.png,-6.064013957977295,6.13934850692749,tensor([1])
../Images/DataSet\Bad_043_Augment_05.png,-4.843846321105957,4.908027172088623,tensor([1])
../Images/DataSet\Bad_043_Augment_06.png,-7.089495658874512,7.0460638999938965,tensor([1])
../Images/DataSet\Bad_043_Augment_07.png,-4.707047939300537,4.737517356872559,tensor([1])
../Images/DataSet\Bad_043_Augment_08.png,-7.753731727600098,7.814382076263428,tensor([1])
../Images/DataSet\Bad_044_Augment_01.png,-7.7012939453125,7.995772361755371,tensor([1])
../Images/DataSet\Bad_044_Augment_02.png,-6.55146598815918,6.790607929229736,tensor([1])
../Images/DataSet\Bad_044_Augment_03.png,-7.0248870849609375,7.174350261688232,tensor([1])
../Images/DataSet\Bad_044_Augment_04.png,-7.396002769470215,7.687642574310303,tensor([1])
../Images/DataSet\Bad_044_Augment_05.png,-7.923973083496094,8.077986717224121,tensor([1])
../Images/DataSet\Bad_044_Augment_06.png,-6.968699932098389,7.1070942878723145,tensor([1])
../Images/DataSet\Bad_044_Augment_07.png,-6.0675048828125,6.177778244018555,tensor([1])
../Images/DataSet\Bad_044_Augment_08.png,-5.66390323638916,5.688084602355957,tensor([1])
../Images/DataSet\Bad_045_Augment_01.png,-6.552654266357422,6.545742034912109,tensor([1])
../Images/DataSet\Bad_045_Augment_02.png,-4.4765706062316895,4.415210247039795,tensor([1])
../Images/DataSet\Bad_045_Augment_03.png,-5.108702659606934,4.853847503662109,tensor([1])
../Images/DataSet\Bad_045_Augment_04.png,-6.456449508666992,6.235182285308838,tensor([1])
../Images/DataSet\Bad_045_Augment_05.png,-5.312713623046875,5.255497932434082,tensor([1])
../Images/DataSet\Bad_045_Augment_06.png,-4.221855163574219,4.132872581481934,tensor([1])
../Images/DataSet\Bad_045_Augment_07.png,-5.0611653327941895,4.7809858322143555,tensor([1])
../Images/DataSet\Bad_045_Augment_08.png,-4.8265886306762695,4.590512275695801,tensor([1])
../Images/DataSet\Bad_046_Augment_01.png,-4.524141311645508,4.503146648406982,tensor([1])
../Images/DataSet\Bad_046_Augment_02.png,-6.30216121673584,6.165607452392578,tensor([1])
../Images/DataSet\Bad_046_Augment_03.png,-4.0173492431640625,3.9758846759796143,tensor([1])
../Images/DataSet\Bad_046_Augment_04.png,-4.670820713043213,4.696408271789551,tensor([1])
../Images/DataSet\Bad_046_Augment_05.png,-4.490840435028076,4.407261371612549,tensor([1])
../Images/DataSet\Bad_046_Augment_06.png,-4.263830184936523,4.053989887237549,tensor([1])
../Images/DataSet\Bad_046_Augment_07.png,-5.086358070373535,5.180253982543945,tensor([1])
../Images/DataSet\Bad_046_Augment_08.png,-3.817458152770996,3.8410208225250244,tensor([1])
../Images/DataSet\Good_001_Augment_01.png,7.648409843444824,-6.287609100341797,tensor([0])
../Images/DataSet\Good_001_Augment_02.png,8.576456069946289,-7.26032018661499,tensor([0])
../Images/DataSet\Good_001_Augment_03.png,8.252017974853516,-6.848535537719727,tensor([0])
../Images/DataSet\Good_001_Augment_04.png,11.17035961151123,-9.160954475402832,tensor([0])
../Images/DataSet\Good_001_Augment_05.png,10.357651710510254,-8.154387474060059,tensor([0])
../Images/DataSet\Good_001_Augment_06.png,8.192235946655273,-6.769248962402344,tensor([0])
../Images/DataSet\Good_001_Augment_07.png,6.219611167907715,-5.133677005767822,tensor([0])
../Images/DataSet\Good_001_Augment_08.png,6.024773597717285,-5.042774677276611,tensor([0])
../Images/DataSet\Good_001_Augment_09.png,6.821023941040039,-5.770236968994141,tensor([0])
../Images/DataSet\Good_001_Augment_10.png,9.54724407196045,-7.988330841064453,tensor([0])
../Images/DataSet\Good_001_Augment_11.png,6.901226997375488,-5.786402225494385,tensor([0])
../Images/DataSet\Good_001_Augment_12.png,6.197353363037109,-5.280763149261475,tensor([0])
../Images/DataSet\Good_001_Augment_13.png,8.871541976928711,-7.162583351135254,tensor([0])
../Images/DataSet\Good_001_Augment_14.png,9.208100318908691,-7.177156448364258,tensor([0])
../Images/DataSet\Good_001_Augment_15.png,6.4326701164245605,-5.145055770874023,tensor([0])
../Images/DataSet\Good_001_Augment_16.png,9.573204040527344,-7.849474906921387,tensor([0])
../Images/DataSet\Good_001_Augment_17.png,7.097363471984863,-5.856388092041016,tensor([0])
../Images/DataSet\Good_001_Augment_18.png,8.456657409667969,-6.975493907928467,tensor([0])
../Images/DataSet\Good_002_Augment_01.png,4.4074811935424805,-3.64672589302063,tensor([0])
../Images/DataSet\Good_002_Augment_02.png,7.316588878631592,-5.644947052001953,tensor([0])
../Images/DataSet\Good_002_Augment_03.png,6.138058662414551,-5.073566913604736,tensor([0])
../Images/DataSet\Good_002_Augment_04.png,6.994320869445801,-5.690805435180664,tensor([0])
../Images/DataSet\Good_002_Augment_05.png,5.062946796417236,-4.0867180824279785,tensor([0])
../Images/DataSet\Good_002_Augment_06.png,5.428005218505859,-4.496973514556885,tensor([0])
../Images/DataSet\Good_002_Augment_07.png,6.688459873199463,-5.794070720672607,tensor([0])
../Images/DataSet\Good_002_Augment_08.png,8.158712387084961,-6.978480339050293,tensor([0])
../Images/DataSet\Good_002_Augment_09.png,6.576223373413086,-5.682890892028809,tensor([0])
../Images/DataSet\Good_002_Augment_10.png,2.6676602363586426,-2.1206204891204834,tensor([0])
../Images/DataSet\Good_002_Augment_11.png,6.9251909255981445,-5.392257213592529,tensor([0])
../Images/DataSet\Good_002_Augment_12.png,5.89370059967041,-4.775452613830566,tensor([0])
../Images/DataSet\Good_002_Augment_13.png,7.176604747772217,-5.891806602478027,tensor([0])
../Images/DataSet\Good_002_Augment_14.png,5.613668441772461,-4.436607837677002,tensor([0])
../Images/DataSet\Good_002_Augment_15.png,7.483318328857422,-6.011325359344482,tensor([0])
../Images/DataSet\Good_002_Augment_16.png,6.948602676391602,-5.99345064163208,tensor([0])
../Images/DataSet\Good_002_Augment_17.png,10.254159927368164,-8.686271667480469,tensor([0])
../Images/DataSet\Good_002_Augment_18.png,9.623673439025879,-8.021056175231934,tensor([0])
../Images/DataSet\Good_003_Augment_01.png,5.081622123718262,-4.218276500701904,tensor([0])
../Images/DataSet\Good_003_Augment_02.png,4.533099174499512,-3.7281134128570557,tensor([0])
../Images/DataSet\Good_003_Augment_03.png,4.797468662261963,-4.030045509338379,tensor([0])
../Images/DataSet\Good_003_Augment_04.png,4.611140251159668,-3.9763565063476562,tensor([0])
../Images/DataSet\Good_003_Augment_05.png,6.285234451293945,-5.340755462646484,tensor([0])
../Images/DataSet\Good_003_Augment_06.png,7.186074256896973,-5.962765693664551,tensor([0])
../Images/DataSet\Good_003_Augment_07.png,5.5958147048950195,-4.602022171020508,tensor([0])
../Images/DataSet\Good_003_Augment_08.png,3.9565534591674805,-3.449582815170288,tensor([0])
../Images/DataSet\Good_003_Augment_09.png,5.074970245361328,-4.263918876647949,tensor([0])
../Images/DataSet\Good_003_Augment_10.png,4.334270000457764,-3.6477859020233154,tensor([0])
../Images/DataSet\Good_003_Augment_11.png,4.9757080078125,-4.164602279663086,tensor([0])
../Images/DataSet\Good_003_Augment_12.png,4.892305374145508,-3.9557526111602783,tensor([0])
../Images/DataSet\Good_003_Augment_13.png,4.907228469848633,-4.101518630981445,tensor([0])
../Images/DataSet\Good_003_Augment_14.png,5.031866550445557,-4.1676740646362305,tensor([0])
../Images/DataSet\Good_003_Augment_15.png,7.046106815338135,-5.719119071960449,tensor([0])
../Images/DataSet\Good_003_Augment_16.png,5.500170707702637,-4.535522937774658,tensor([0])
../Images/DataSet\Good_003_Augment_17.png,5.170064926147461,-4.077853202819824,tensor([0])
../Images/DataSet\Good_003_Augment_18.png,6.412105560302734,-5.351109504699707,tensor([0])
../Images/DataSet\Good_004_Augment_01.png,8.10883903503418,-6.802343368530273,tensor([0])
../Images/DataSet\Good_004_Augment_02.png,6.820920944213867,-5.368710041046143,tensor([0])
../Images/DataSet\Good_004_Augment_03.png,4.527674198150635,-3.448873281478882,tensor([0])
../Images/DataSet\Good_004_Augment_04.png,7.670767784118652,-6.216059684753418,tensor([0])
../Images/DataSet\Good_004_Augment_05.png,7.163344383239746,-6.188119888305664,tensor([0])
../Images/DataSet\Good_004_Augment_06.png,6.7114667892456055,-5.719545364379883,tensor([0])
../Images/DataSet\Good_004_Augment_07.png,5.541872978210449,-4.485518455505371,tensor([0])
../Images/DataSet\Good_004_Augment_08.png,7.207056999206543,-5.649900436401367,tensor([0])
../Images/DataSet\Good_004_Augment_09.png,6.96409797668457,-5.541419982910156,tensor([0])
../Images/DataSet\Good_004_Augment_10.png,7.441429615020752,-5.953070163726807,tensor([0])
../Images/DataSet\Good_004_Augment_11.png,6.977231979370117,-5.974407196044922,tensor([0])
../Images/DataSet\Good_004_Augment_12.png,6.099980354309082,-5.0887250900268555,tensor([0])
../Images/DataSet\Good_004_Augment_13.png,5.610858917236328,-4.59987735748291,tensor([0])
../Images/DataSet\Good_004_Augment_14.png,8.251421928405762,-6.826146125793457,tensor([0])
../Images/DataSet\Good_004_Augment_15.png,6.798605442047119,-5.647765159606934,tensor([0])
../Images/DataSet\Good_004_Augment_16.png,5.673731803894043,-4.7486186027526855,tensor([0])
../Images/DataSet\Good_004_Augment_17.png,3.471118450164795,-2.753080129623413,tensor([0])
../Images/DataSet\Good_004_Augment_18.png,5.680480003356934,-4.664114952087402,tensor([0])
../Images/DataSet\Good_005_Augment_01.png,7.31928825378418,-6.1857500076293945,tensor([0])
../Images/DataSet\Good_005_Augment_02.png,6.203845977783203,-5.44193172454834,tensor([0])
../Images/DataSet\Good_005_Augment_03.png,4.432936191558838,-3.8475403785705566,tensor([0])
../Images/DataSet\Good_005_Augment_04.png,4.890052318572998,-4.288168907165527,tensor([0])
../Images/DataSet\Good_005_Augment_05.png,5.387516975402832,-4.6160478591918945,tensor([0])
../Images/DataSet\Good_005_Augment_06.png,6.8361406326293945,-5.8034539222717285,tensor([0])
../Images/DataSet\Good_005_Augment_07.png,6.802767753601074,-5.680848598480225,tensor([0])
../Images/DataSet\Good_005_Augment_08.png,8.07546329498291,-6.844760894775391,tensor([0])
../Images/DataSet\Good_005_Augment_09.png,5.999021530151367,-5.230992794036865,tensor([0])
../Images/DataSet\Good_005_Augment_10.png,9.00943660736084,-7.585996627807617,tensor([0])
../Images/DataSet\Good_005_Augment_11.png,7.836389541625977,-6.622568130493164,tensor([0])
../Images/DataSet\Good_005_Augment_12.png,5.915168762207031,-5.200478553771973,tensor([0])
../Images/DataSet\Good_005_Augment_13.png,6.994947910308838,-6.152850151062012,tensor([0])
../Images/DataSet\Good_005_Augment_14.png,4.123185157775879,-3.6472506523132324,tensor([0])
../Images/DataSet\Good_005_Augment_15.png,5.152627468109131,-4.535439968109131,tensor([0])
../Images/DataSet\Good_005_Augment_16.png,6.065901756286621,-5.312991142272949,tensor([0])
../Images/DataSet\Good_005_Augment_17.png,6.677595138549805,-5.539904594421387,tensor([0])
../Images/DataSet\Good_005_Augment_18.png,5.829647541046143,-5.052353382110596,tensor([0])
../Images/DataSet\Good_006_Augment_01.png,5.173720359802246,-4.2519121170043945,tensor([0])
../Images/DataSet\Good_006_Augment_02.png,5.18326997756958,-4.196340560913086,tensor([0])
../Images/DataSet\Good_006_Augment_03.png,5.616542816162109,-4.640174388885498,tensor([0])
../Images/DataSet\Good_006_Augment_04.png,6.4268479347229,-5.457193374633789,tensor([0])
../Images/DataSet\Good_006_Augment_05.png,7.205474853515625,-5.875926971435547,tensor([0])
../Images/DataSet\Good_006_Augment_06.png,10.117757797241211,-8.129719734191895,tensor([0])
../Images/DataSet\Good_006_Augment_07.png,6.398855686187744,-5.283435821533203,tensor([0])
../Images/DataSet\Good_006_Augment_08.png,5.962428569793701,-4.87786865234375,tensor([0])
../Images/DataSet\Good_006_Augment_09.png,7.144898414611816,-5.928409099578857,tensor([0])
../Images/DataSet\Good_006_Augment_10.png,6.112642288208008,-4.94125509262085,tensor([0])
../Images/DataSet\Good_006_Augment_11.png,3.9266796112060547,-3.3369576930999756,tensor([0])
../Images/DataSet\Good_006_Augment_12.png,5.529056549072266,-4.678348064422607,tensor([0])
../Images/DataSet\Good_006_Augment_13.png,3.753124952316284,-3.3567216396331787,tensor([0])
../Images/DataSet\Good_006_Augment_14.png,6.293483257293701,-5.2215256690979,tensor([0])
../Images/DataSet\Good_006_Augment_15.png,6.122305870056152,-5.112815856933594,tensor([0])
../Images/DataSet\Good_006_Augment_16.png,5.015357494354248,-4.145707130432129,tensor([0])
../Images/DataSet\Good_006_Augment_17.png,7.7633056640625,-6.465763092041016,tensor([0])
../Images/DataSet\Good_006_Augment_18.png,5.586765289306641,-4.937519073486328,tensor([0])
../Images/DataSet\Good_007_Augment_01.png,7.335088729858398,-5.81156063079834,tensor([0])
../Images/DataSet\Good_007_Augment_02.png,5.467964172363281,-4.541256427764893,tensor([0])
../Images/DataSet\Good_007_Augment_03.png,8.154667854309082,-6.5811543464660645,tensor([0])
../Images/DataSet\Good_007_Augment_04.png,5.997072696685791,-5.0538129806518555,tensor([0])
../Images/DataSet\Good_007_Augment_05.png,6.6329498291015625,-5.561685085296631,tensor([0])
../Images/DataSet\Good_007_Augment_06.png,7.099980354309082,-6.108316421508789,tensor([0])
../Images/DataSet\Good_007_Augment_07.png,9.260560989379883,-7.905620098114014,tensor([0])
../Images/DataSet\Good_007_Augment_08.png,7.260454177856445,-6.0763397216796875,tensor([0])
../Images/DataSet\Good_007_Augment_09.png,2.3988161087036133,-1.982275128364563,tensor([0])
../Images/DataSet\Good_007_Augment_10.png,4.906332492828369,-4.069105625152588,tensor([0])
../Images/DataSet\Good_007_Augment_11.png,6.697150707244873,-5.501921653747559,tensor([0])
../Images/DataSet\Good_007_Augment_12.png,7.856806755065918,-6.702106952667236,tensor([0])
../Images/DataSet\Good_007_Augment_13.png,5.7450103759765625,-5.031490325927734,tensor([0])
../Images/DataSet\Good_007_Augment_14.png,5.069733142852783,-4.197599411010742,tensor([0])
../Images/DataSet\Good_007_Augment_15.png,7.165238380432129,-6.242576599121094,tensor([0])
../Images/DataSet\Good_007_Augment_16.png,7.042995452880859,-5.950945854187012,tensor([0])
../Images/DataSet\Good_007_Augment_17.png,5.441240310668945,-4.64178466796875,tensor([0])
../Images/DataSet\Good_007_Augment_18.png,7.316525459289551,-5.750516891479492,tensor([0])
../Images/DataSet\Good_008_Augment_01.png,6.3416900634765625,-5.298048496246338,tensor([0])
../Images/DataSet\Good_008_Augment_02.png,6.258640289306641,-5.366771697998047,tensor([0])
../Images/DataSet\Good_008_Augment_03.png,6.432281494140625,-5.39723014831543,tensor([0])
../Images/DataSet\Good_008_Augment_04.png,5.533632755279541,-4.5200066566467285,tensor([0])
../Images/DataSet\Good_008_Augment_05.png,8.057279586791992,-6.33364725112915,tensor([0])
../Images/DataSet\Good_008_Augment_06.png,5.0783538818359375,-4.371523857116699,tensor([0])
../Images/DataSet\Good_008_Augment_07.png,6.222090721130371,-5.318570613861084,tensor([0])
../Images/DataSet\Good_008_Augment_08.png,7.391078472137451,-6.345808982849121,tensor([0])
../Images/DataSet\Good_008_Augment_09.png,7.155320644378662,-6.001711368560791,tensor([0])
../Images/DataSet\Good_008_Augment_10.png,6.891290664672852,-5.751077651977539,tensor([0])
../Images/DataSet\Good_008_Augment_11.png,5.858614444732666,-5.020920753479004,tensor([0])
../Images/DataSet\Good_008_Augment_12.png,5.682451248168945,-4.711825847625732,tensor([0])
../Images/DataSet\Good_008_Augment_13.png,6.511044979095459,-5.192880630493164,tensor([0])
../Images/DataSet\Good_008_Augment_14.png,4.857594966888428,-3.8923709392547607,tensor([0])
../Images/DataSet\Good_008_Augment_15.png,4.784593105316162,-4.010317802429199,tensor([0])
../Images/DataSet\Good_008_Augment_16.png,4.8087921142578125,-4.14157772064209,tensor([0])
../Images/DataSet\Good_008_Augment_17.png,6.622348785400391,-5.614233016967773,tensor([0])
../Images/DataSet\Good_008_Augment_18.png,4.962002277374268,-4.073588848114014,tensor([0])
../Images/DataSet\Good_009_Augment_01.png,5.779240131378174,-5.007502555847168,tensor([0])
../Images/DataSet\Good_009_Augment_02.png,4.237939834594727,-3.713097333908081,tensor([0])
../Images/DataSet\Good_009_Augment_03.png,4.95493221282959,-4.20399284362793,tensor([0])
../Images/DataSet\Good_009_Augment_04.png,4.641867637634277,-3.748926877975464,tensor([0])
../Images/DataSet\Good_009_Augment_05.png,4.459450721740723,-3.756453037261963,tensor([0])
../Images/DataSet\Good_009_Augment_06.png,4.184598922729492,-3.612711191177368,tensor([0])
../Images/DataSet\Good_009_Augment_07.png,4.758484840393066,-3.980884313583374,tensor([0])
../Images/DataSet\Good_009_Augment_08.png,6.196253299713135,-5.031035423278809,tensor([0])
../Images/DataSet\Good_009_Augment_09.png,5.315889358520508,-4.357328414916992,tensor([0])
../Images/DataSet\Good_009_Augment_10.png,4.516016960144043,-3.964365243911743,tensor([0])
../Images/DataSet\Good_009_Augment_11.png,5.869296073913574,-4.871603965759277,tensor([0])
../Images/DataSet\Good_009_Augment_12.png,7.873405456542969,-6.357282638549805,tensor([0])
../Images/DataSet\Good_009_Augment_13.png,7.671775817871094,-6.107560634613037,tensor([0])
../Images/DataSet\Good_009_Augment_14.png,5.1637773513793945,-4.046947956085205,tensor([0])
../Images/DataSet\Good_009_Augment_15.png,5.382972717285156,-4.32310152053833,tensor([0])
../Images/DataSet\Good_009_Augment_16.png,4.990033149719238,-4.022696018218994,tensor([0])
../Images/DataSet\Good_009_Augment_17.png,5.703516960144043,-4.54854679107666,tensor([0])
../Images/DataSet\Good_009_Augment_18.png,7.01504373550415,-5.497742652893066,tensor([0])
../Images/DataSet\Good_010_Augment_01.png,4.4390058517456055,-3.896799325942993,tensor([0])
../Images/DataSet\Good_010_Augment_02.png,6.091396331787109,-5.288433074951172,tensor([0])
../Images/DataSet\Good_010_Augment_03.png,4.525699615478516,-3.93436598777771,tensor([0])
../Images/DataSet\Good_010_Augment_04.png,5.508234977722168,-4.886717796325684,tensor([0])
../Images/DataSet\Good_010_Augment_05.png,6.663281440734863,-6.122521877288818,tensor([0])
../Images/DataSet\Good_010_Augment_06.png,4.959430694580078,-4.529175758361816,tensor([0])
../Images/DataSet\Good_010_Augment_07.png,4.060927391052246,-3.8185441493988037,tensor([0])
../Images/DataSet\Good_010_Augment_08.png,4.094417572021484,-3.9177467823028564,tensor([0])
../Images/DataSet\Good_010_Augment_09.png,7.26655387878418,-6.57763671875,tensor([0])
../Images/DataSet\Good_010_Augment_10.png,4.655251502990723,-4.188214302062988,tensor([0])
../Images/DataSet\Good_010_Augment_11.png,4.343184947967529,-3.883521795272827,tensor([0])
../Images/DataSet\Good_010_Augment_12.png,1.6150158643722534,-1.2191624641418457,tensor([0])
../Images/DataSet\Good_010_Augment_13.png,4.858952045440674,-4.299159049987793,tensor([0])
../Images/DataSet\Good_010_Augment_14.png,6.9818315505981445,-6.0667219161987305,tensor([0])
../Images/DataSet\Good_010_Augment_15.png,5.892426013946533,-5.20245361328125,tensor([0])
../Images/DataSet\Good_010_Augment_16.png,5.931702136993408,-5.240636825561523,tensor([0])
../Images/DataSet\Good_010_Augment_17.png,5.941581726074219,-5.213310718536377,tensor([0])
../Images/DataSet\Good_010_Augment_18.png,5.002511978149414,-4.643981456756592,tensor([0])
../Images/DataSet\Good_011_Augment_01.png,6.318798065185547,-5.16059684753418,tensor([0])
../Images/DataSet\Good_011_Augment_02.png,5.824099540710449,-4.716516494750977,tensor([0])
../Images/DataSet\Good_011_Augment_03.png,7.2929205894470215,-5.894893646240234,tensor([0])
../Images/DataSet\Good_011_Augment_04.png,8.390554428100586,-6.493339538574219,tensor([0])
../Images/DataSet\Good_011_Augment_05.png,5.607113838195801,-4.477308750152588,tensor([0])
../Images/DataSet\Good_011_Augment_06.png,5.713769435882568,-4.626176834106445,tensor([0])
../Images/DataSet\Good_011_Augment_07.png,5.38169002532959,-4.325305938720703,tensor([0])
../Images/DataSet\Good_011_Augment_08.png,4.850968360900879,-3.858618974685669,tensor([0])
../Images/DataSet\Good_011_Augment_09.png,6.007260322570801,-4.911211013793945,tensor([0])
../Images/DataSet\Good_011_Augment_10.png,7.309992790222168,-5.963889122009277,tensor([0])
../Images/DataSet\Good_011_Augment_11.png,5.652813911437988,-4.6670122146606445,tensor([0])
../Images/DataSet\Good_011_Augment_12.png,7.44541597366333,-6.161523342132568,tensor([0])
../Images/DataSet\Good_011_Augment_13.png,8.828742027282715,-6.812801361083984,tensor([0])
../Images/DataSet\Good_011_Augment_14.png,7.028990268707275,-5.736109256744385,tensor([0])
../Images/DataSet\Good_011_Augment_15.png,8.85676097869873,-7.143166542053223,tensor([0])
../Images/DataSet\Good_011_Augment_16.png,5.707372665405273,-4.719655513763428,tensor([0])
../Images/DataSet\Good_011_Augment_17.png,6.6495771408081055,-5.229206562042236,tensor([0])
../Images/DataSet\Good_011_Augment_18.png,5.8594207763671875,-4.615226745605469,tensor([0])
../Images/DataSet\Good_012_Augment_01.png,4.595638751983643,-4.093334674835205,tensor([0])
../Images/DataSet\Good_012_Augment_02.png,6.377718925476074,-5.4369797706604,tensor([0])
../Images/DataSet\Good_012_Augment_03.png,6.322985649108887,-5.368332386016846,tensor([0])
../Images/DataSet\Good_012_Augment_04.png,8.958182334899902,-7.0805983543396,tensor([0])
../Images/DataSet\Good_012_Augment_05.png,6.100738525390625,-4.905975341796875,tensor([0])
../Images/DataSet\Good_012_Augment_06.png,6.9156084060668945,-5.747096061706543,tensor([0])
../Images/DataSet\Good_012_Augment_07.png,5.950710773468018,-4.995565414428711,tensor([0])
../Images/DataSet\Good_012_Augment_08.png,4.868968963623047,-4.1817827224731445,tensor([0])
../Images/DataSet\Good_012_Augment_09.png,5.093488693237305,-4.322674751281738,tensor([0])
../Images/DataSet\Good_012_Augment_10.png,4.38215446472168,-3.7855374813079834,tensor([0])
../Images/DataSet\Good_012_Augment_11.png,5.810793876647949,-4.858241081237793,tensor([0])
../Images/DataSet\Good_012_Augment_12.png,5.67127799987793,-4.829643726348877,tensor([0])
../Images/DataSet\Good_012_Augment_13.png,4.389220237731934,-3.49259352684021,tensor([0])
../Images/DataSet\Good_012_Augment_14.png,4.33053731918335,-3.449497938156128,tensor([0])
../Images/DataSet\Good_012_Augment_15.png,4.209087371826172,-3.1770501136779785,tensor([0])
../Images/DataSet\Good_012_Augment_16.png,5.535161972045898,-4.621128082275391,tensor([0])
../Images/DataSet\Good_012_Augment_17.png,4.164874076843262,-3.3742806911468506,tensor([0])
../Images/DataSet\Good_012_Augment_18.png,5.701478958129883,-4.765097618103027,tensor([0])
../Images/DataSet\Good_013_Augment_01.png,5.543354034423828,-4.420892715454102,tensor([0])
../Images/DataSet\Good_013_Augment_02.png,7.701831817626953,-6.292034149169922,tensor([0])
../Images/DataSet\Good_013_Augment_03.png,3.8919785022735596,-3.118588447570801,tensor([0])
../Images/DataSet\Good_013_Augment_04.png,5.3397536277771,-4.485548973083496,tensor([0])
../Images/DataSet\Good_013_Augment_05.png,4.029568195343018,-3.3099939823150635,tensor([0])
../Images/DataSet\Good_013_Augment_06.png,6.565229892730713,-5.434391498565674,tensor([0])
../Images/DataSet\Good_013_Augment_07.png,5.356980323791504,-4.4220123291015625,tensor([0])
../Images/DataSet\Good_013_Augment_08.png,5.57908296585083,-4.560916900634766,tensor([0])
../Images/DataSet\Good_013_Augment_09.png,5.483275413513184,-4.6441874504089355,tensor([0])
../Images/DataSet\Good_013_Augment_10.png,6.205137252807617,-5.052796840667725,tensor([0])
../Images/DataSet\Good_013_Augment_11.png,5.636878967285156,-4.7315850257873535,tensor([0])
../Images/DataSet\Good_013_Augment_12.png,6.105439186096191,-5.030094146728516,tensor([0])
../Images/DataSet\Good_013_Augment_13.png,5.83298397064209,-4.896049499511719,tensor([0])
../Images/DataSet\Good_013_Augment_14.png,4.168295860290527,-3.4472568035125732,tensor([0])
../Images/DataSet\Good_013_Augment_15.png,6.119461536407471,-5.05949592590332,tensor([0])
../Images/DataSet\Good_013_Augment_16.png,4.627659797668457,-3.715172290802002,tensor([0])
../Images/DataSet\Good_013_Augment_17.png,4.272635459899902,-3.547910213470459,tensor([0])
../Images/DataSet\Good_013_Augment_18.png,5.507306098937988,-4.549592971801758,tensor([0])
../Images/DataSet\Good_014_Augment_01.png,6.160414695739746,-5.4647369384765625,tensor([0])
../Images/DataSet\Good_014_Augment_02.png,4.738486289978027,-3.7327044010162354,tensor([0])
../Images/DataSet\Good_014_Augment_03.png,6.274724960327148,-4.947072505950928,tensor([0])
../Images/DataSet\Good_014_Augment_04.png,4.8313469886779785,-3.802516222000122,tensor([0])
../Images/DataSet\Good_014_Augment_05.png,6.171492576599121,-4.8112030029296875,tensor([0])
../Images/DataSet\Good_014_Augment_06.png,5.934835910797119,-4.960654258728027,tensor([0])
../Images/DataSet\Good_014_Augment_07.png,6.870002746582031,-5.615377426147461,tensor([0])
../Images/DataSet\Good_014_Augment_08.png,6.5320611000061035,-5.542125701904297,tensor([0])
../Images/DataSet\Good_014_Augment_09.png,5.34670352935791,-4.423290729522705,tensor([0])
../Images/DataSet\Good_014_Augment_10.png,5.655442237854004,-4.900911331176758,tensor([0])
../Images/DataSet\Good_014_Augment_11.png,4.26119327545166,-3.4377901554107666,tensor([0])
../Images/DataSet\Good_014_Augment_12.png,7.556558609008789,-5.863882541656494,tensor([0])
../Images/DataSet\Good_014_Augment_13.png,5.580011367797852,-4.428896903991699,tensor([0])
../Images/DataSet\Good_014_Augment_14.png,5.65504264831543,-4.2921319007873535,tensor([0])
../Images/DataSet\Good_014_Augment_15.png,5.683294296264648,-4.578335762023926,tensor([0])
../Images/DataSet\Good_014_Augment_16.png,7.322630405426025,-6.293853759765625,tensor([0])
../Images/DataSet\Good_014_Augment_17.png,6.395469665527344,-5.629594326019287,tensor([0])
../Images/DataSet\Good_014_Augment_18.png,6.16788387298584,-5.389213562011719,tensor([0])
../Images/DataSet\Good_015_Augment_01.png,6.275496959686279,-5.012430191040039,tensor([0])
../Images/DataSet\Good_015_Augment_02.png,7.283655643463135,-5.852820873260498,tensor([0])
../Images/DataSet\Good_015_Augment_03.png,6.005420207977295,-4.991025924682617,tensor([0])
../Images/DataSet\Good_015_Augment_04.png,7.035272121429443,-5.725221633911133,tensor([0])
../Images/DataSet\Good_015_Augment_05.png,7.292401313781738,-5.89787483215332,tensor([0])
../Images/DataSet\Good_015_Augment_06.png,9.103754043579102,-7.187487602233887,tensor([0])
../Images/DataSet\Good_015_Augment_07.png,6.797604560852051,-5.51190185546875,tensor([0])
../Images/DataSet\Good_015_Augment_08.png,6.617678642272949,-5.495485782623291,tensor([0])
../Images/DataSet\Good_015_Augment_09.png,4.528721809387207,-3.8213908672332764,tensor([0])
../Images/DataSet\Good_015_Augment_10.png,2.883157730102539,-2.428694009780884,tensor([0])
../Images/DataSet\Good_015_Augment_11.png,5.271778106689453,-4.452813148498535,tensor([0])
../Images/DataSet\Good_015_Augment_12.png,4.157548904418945,-3.6924774646759033,tensor([0])
../Images/DataSet\Good_015_Augment_13.png,5.929140090942383,-5.058320045471191,tensor([0])
../Images/DataSet\Good_015_Augment_14.png,6.860633850097656,-5.78326416015625,tensor([0])
../Images/DataSet\Good_015_Augment_15.png,3.9813179969787598,-3.352308750152588,tensor([0])
../Images/DataSet\Good_015_Augment_16.png,4.704531192779541,-3.9156408309936523,tensor([0])
../Images/DataSet\Good_015_Augment_17.png,5.567152976989746,-4.755942344665527,tensor([0])
../Images/DataSet\Good_015_Augment_18.png,4.234029769897461,-3.6049158573150635,tensor([0])
../Images/DataSet\Good_016_Augment_01.png,8.246659278869629,-6.90451717376709,tensor([0])
../Images/DataSet\Good_016_Augment_02.png,11.365449905395508,-9.524932861328125,tensor([0])
../Images/DataSet\Good_016_Augment_03.png,8.472506523132324,-7.166483402252197,tensor([0])
../Images/DataSet\Good_016_Augment_04.png,7.614329814910889,-6.45539665222168,tensor([0])
../Images/DataSet\Good_016_Augment_05.png,7.176244258880615,-6.0802459716796875,tensor([0])
../Images/DataSet\Good_016_Augment_06.png,7.395671844482422,-6.015600204467773,tensor([0])
../Images/DataSet\Good_016_Augment_07.png,6.694894790649414,-5.324139595031738,tensor([0])
../Images/DataSet\Good_016_Augment_08.png,9.915430068969727,-8.245803833007812,tensor([0])
../Images/DataSet\Good_016_Augment_09.png,9.477850914001465,-7.8013081550598145,tensor([0])
../Images/DataSet\Good_016_Augment_10.png,7.49170446395874,-6.5657548904418945,tensor([0])
../Images/DataSet\Good_016_Augment_11.png,6.15717887878418,-5.168946743011475,tensor([0])
../Images/DataSet\Good_016_Augment_12.png,6.711100101470947,-5.709079742431641,tensor([0])
../Images/DataSet\Good_016_Augment_13.png,7.074999809265137,-5.843072891235352,tensor([0])
../Images/DataSet\Good_016_Augment_14.png,5.993336200714111,-5.0264763832092285,tensor([0])
../Images/DataSet\Good_016_Augment_15.png,5.78305721282959,-4.713129043579102,tensor([0])
../Images/DataSet\Good_016_Augment_16.png,8.651424407958984,-7.061287879943848,tensor([0])
../Images/DataSet\Good_016_Augment_17.png,8.586311340332031,-6.974261283874512,tensor([0])
../Images/DataSet\Good_016_Augment_18.png,7.552446365356445,-6.084835052490234,tensor([0])
../Images/DataSet\Good_017_Augment_01.png,5.370080947875977,-4.543459892272949,tensor([0])
../Images/DataSet\Good_017_Augment_02.png,6.766796588897705,-5.984906196594238,tensor([0])
../Images/DataSet\Good_017_Augment_03.png,9.079730987548828,-7.5851640701293945,tensor([0])
../Images/DataSet\Good_017_Augment_04.png,6.485345840454102,-5.429076194763184,tensor([0])
../Images/DataSet\Good_017_Augment_05.png,9.239679336547852,-7.5998029708862305,tensor([0])
../Images/DataSet\Good_017_Augment_06.png,5.145402908325195,-4.311707973480225,tensor([0])
../Images/DataSet\Good_017_Augment_07.png,6.2836761474609375,-5.296449184417725,tensor([0])
../Images/DataSet\Good_017_Augment_08.png,4.698629856109619,-3.945068120956421,tensor([0])
../Images/DataSet\Good_017_Augment_09.png,6.826958656311035,-5.542987823486328,tensor([0])
../Images/DataSet\Good_017_Augment_10.png,4.819666862487793,-4.172541618347168,tensor([0])
../Images/DataSet\Good_017_Augment_11.png,8.059354782104492,-6.9041008949279785,tensor([0])
../Images/DataSet\Good_017_Augment_12.png,6.283546447753906,-5.192740440368652,tensor([0])
../Images/DataSet\Good_017_Augment_13.png,4.953939437866211,-4.078746795654297,tensor([0])
../Images/DataSet\Good_017_Augment_14.png,5.670351505279541,-4.53377628326416,tensor([0])
../Images/DataSet\Good_017_Augment_15.png,4.651566028594971,-3.8875012397766113,tensor([0])
../Images/DataSet\Good_017_Augment_16.png,7.821373462677002,-6.857379913330078,tensor([0])
../Images/DataSet\Good_017_Augment_17.png,5.019308090209961,-4.246850967407227,tensor([0])
../Images/DataSet\Good_017_Augment_18.png,7.632039546966553,-6.603856086730957,tensor([0])
../Images/DataSet\Good_018_Augment_01.png,8.350561141967773,-6.634648323059082,tensor([0])
../Images/DataSet\Good_018_Augment_02.png,5.680853843688965,-4.689235210418701,tensor([0])
../Images/DataSet\Good_018_Augment_03.png,5.759466171264648,-4.7284135818481445,tensor([0])
../Images/DataSet\Good_018_Augment_04.png,6.445018768310547,-5.220444679260254,tensor([0])
../Images/DataSet\Good_018_Augment_05.png,6.807730674743652,-5.5867462158203125,tensor([0])
../Images/DataSet\Good_018_Augment_06.png,7.767832279205322,-6.703725814819336,tensor([0])
../Images/DataSet\Good_018_Augment_07.png,9.157822608947754,-7.6520867347717285,tensor([0])
../Images/DataSet\Good_018_Augment_08.png,6.48858642578125,-5.581254005432129,tensor([0])
../Images/DataSet\Good_018_Augment_09.png,8.566801071166992,-6.922764778137207,tensor([0])
../Images/DataSet\Good_018_Augment_10.png,7.7699384689331055,-6.199217796325684,tensor([0])
../Images/DataSet\Good_018_Augment_11.png,5.54481840133667,-4.768089294433594,tensor([0])
../Images/DataSet\Good_018_Augment_12.png,6.217978477478027,-5.226741790771484,tensor([0])
../Images/DataSet\Good_018_Augment_13.png,7.733943462371826,-6.563747406005859,tensor([0])
../Images/DataSet\Good_018_Augment_14.png,8.138970375061035,-6.766185760498047,tensor([0])
../Images/DataSet\Good_018_Augment_15.png,7.9435014724731445,-6.824582099914551,tensor([0])
../Images/DataSet\Good_018_Augment_16.png,7.3246564865112305,-6.2774858474731445,tensor([0])
../Images/DataSet\Good_018_Augment_17.png,5.025997161865234,-4.506768226623535,tensor([0])
../Images/DataSet\Good_018_Augment_18.png,6.084506034851074,-4.981321334838867,tensor([0])
../Images/DataSet\Good_019_Augment_01.png,6.422722816467285,-5.277381420135498,tensor([0])
../Images/DataSet\Good_019_Augment_02.png,6.947772979736328,-5.712440490722656,tensor([0])
../Images/DataSet\Good_019_Augment_03.png,6.912442207336426,-5.921533107757568,tensor([0])
../Images/DataSet\Good_019_Augment_04.png,6.153677940368652,-5.236293315887451,tensor([0])
../Images/DataSet\Good_019_Augment_05.png,5.795743465423584,-4.785416126251221,tensor([0])
../Images/DataSet\Good_019_Augment_06.png,5.162874698638916,-4.268028736114502,tensor([0])
../Images/DataSet\Good_019_Augment_07.png,7.355167388916016,-6.150578022003174,tensor([0])
../Images/DataSet\Good_019_Augment_08.png,6.409895896911621,-5.297600269317627,tensor([0])
../Images/DataSet\Good_019_Augment_09.png,6.834214687347412,-5.840487957000732,tensor([0])
../Images/DataSet\Good_019_Augment_10.png,7.2899322509765625,-5.915922164916992,tensor([0])
../Images/DataSet\Good_019_Augment_11.png,6.987125396728516,-5.873490810394287,tensor([0])
../Images/DataSet\Good_019_Augment_12.png,6.472947597503662,-5.6825690269470215,tensor([0])
../Images/DataSet\Good_019_Augment_13.png,4.604632377624512,-4.118096828460693,tensor([0])
../Images/DataSet\Good_019_Augment_14.png,5.596025466918945,-4.552716255187988,tensor([0])
../Images/DataSet\Good_019_Augment_15.png,7.074342727661133,-5.810234069824219,tensor([0])
../Images/DataSet\Good_019_Augment_16.png,8.09457015991211,-6.659774303436279,tensor([0])
../Images/DataSet\Good_019_Augment_17.png,8.809374809265137,-7.211167335510254,tensor([0])
../Images/DataSet\Good_019_Augment_18.png,7.4337310791015625,-6.096090316772461,tensor([0])
../Images/DataSet\Good_020_Augment_01.png,5.863860607147217,-4.861615180969238,tensor([0])
../Images/DataSet\Good_020_Augment_02.png,4.321260452270508,-3.494201421737671,tensor([0])
../Images/DataSet\Good_020_Augment_03.png,7.282476425170898,-5.872694492340088,tensor([0])
../Images/DataSet\Good_020_Augment_04.png,6.2167067527771,-5.027432441711426,tensor([0])
../Images/DataSet\Good_020_Augment_05.png,6.150197982788086,-4.886543273925781,tensor([0])
../Images/DataSet\Good_020_Augment_06.png,5.251867294311523,-3.883660078048706,tensor([0])
../Images/DataSet\Good_020_Augment_07.png,6.466841697692871,-5.108695030212402,tensor([0])
../Images/DataSet\Good_020_Augment_08.png,6.722187042236328,-5.758116722106934,tensor([0])
../Images/DataSet\Good_020_Augment_09.png,7.050604820251465,-6.101215362548828,tensor([0])
../Images/DataSet\Good_020_Augment_10.png,6.126840591430664,-5.143197059631348,tensor([0])
../Images/DataSet\Good_020_Augment_11.png,5.166114807128906,-4.031938076019287,tensor([0])
../Images/DataSet\Good_020_Augment_12.png,7.825503826141357,-6.133391857147217,tensor([0])
../Images/DataSet\Good_020_Augment_13.png,5.291979789733887,-4.2575578689575195,tensor([0])
../Images/DataSet\Good_020_Augment_14.png,6.569962024688721,-5.206743240356445,tensor([0])
../Images/DataSet\Good_020_Augment_15.png,4.168554306030273,-3.104268789291382,tensor([0])
../Images/DataSet\Good_020_Augment_16.png,6.991997241973877,-5.373008728027344,tensor([0])
../Images/DataSet\Good_020_Augment_17.png,5.074519634246826,-4.409135341644287,tensor([0])
../Images/DataSet\Good_020_Augment_18.png,5.359067440032959,-4.8099188804626465,tensor([0])
../Images/DataSet\Good_022_Augment_01.png,4.762338638305664,-3.8815810680389404,tensor([0])
../Images/DataSet\Good_022_Augment_02.png,5.1052422523498535,-3.94989275932312,tensor([0])
../Images/DataSet\Good_022_Augment_03.png,4.313755035400391,-3.3920276165008545,tensor([0])
../Images/DataSet\Good_022_Augment_04.png,6.084487438201904,-5.241495132446289,tensor([0])
../Images/DataSet\Good_022_Augment_05.png,6.86684513092041,-6.059762477874756,tensor([0])
../Images/DataSet\Good_022_Augment_06.png,4.458688735961914,-4.018528461456299,tensor([0])
../Images/DataSet\Good_022_Augment_07.png,2.669534206390381,-1.983454942703247,tensor([0])
../Images/DataSet\Good_022_Augment_08.png,5.141974449157715,-4.240719795227051,tensor([0])
../Images/DataSet\Good_022_Augment_09.png,5.941231727600098,-4.746109962463379,tensor([0])
../Images/DataSet\Good_022_Augment_10.png,5.630654335021973,-4.441379547119141,tensor([0])
../Images/DataSet\Good_022_Augment_11.png,4.9098310470581055,-4.053230285644531,tensor([0])
../Images/DataSet\Good_022_Augment_12.png,5.241655349731445,-4.494190216064453,tensor([0])
../Images/DataSet\Good_022_Augment_13.png,5.805261135101318,-4.796590805053711,tensor([0])
../Images/DataSet\Good_022_Augment_14.png,6.792288303375244,-5.982085704803467,tensor([0])
../Images/DataSet\Good_022_Augment_15.png,6.198851585388184,-5.420739650726318,tensor([0])
../Images/DataSet\Good_022_Augment_16.png,5.577302932739258,-4.574265480041504,tensor([0])
../Images/DataSet\Good_022_Augment_17.png,9.207169532775879,-7.410696506500244,tensor([0])
../Images/DataSet\Good_022_Augment_18.png,6.416057109832764,-5.351609230041504,tensor([0])
../Images/DataSet\Good_023_Augment_01.png,7.267546653747559,-6.105968952178955,tensor([0])
../Images/DataSet\Good_023_Augment_02.png,5.689695358276367,-5.002320766448975,tensor([0])
../Images/DataSet\Good_023_Augment_03.png,6.716090679168701,-5.821793556213379,tensor([0])
../Images/DataSet\Good_023_Augment_04.png,5.014648914337158,-4.458090782165527,tensor([0])
../Images/DataSet\Good_023_Augment_05.png,8.51652717590332,-6.895173072814941,tensor([0])
../Images/DataSet\Good_023_Augment_06.png,7.627001762390137,-6.023094177246094,tensor([0])
../Images/DataSet\Good_023_Augment_07.png,7.414090633392334,-6.090993881225586,tensor([0])
../Images/DataSet\Good_023_Augment_08.png,4.20337438583374,-3.6505870819091797,tensor([0])
../Images/DataSet\Good_023_Augment_09.png,5.691350936889648,-4.963475704193115,tensor([0])
../Images/DataSet\Good_023_Augment_10.png,8.802848815917969,-7.433597087860107,tensor([0])
../Images/DataSet\Good_023_Augment_11.png,6.98698616027832,-6.069391250610352,tensor([0])
../Images/DataSet\Good_023_Augment_12.png,7.02871036529541,-6.209519386291504,tensor([0])
../Images/DataSet\Good_023_Augment_13.png,5.710659027099609,-5.126467704772949,tensor([0])
../Images/DataSet\Good_023_Augment_14.png,4.79002571105957,-3.7810096740722656,tensor([0])
../Images/DataSet\Good_023_Augment_15.png,9.803519248962402,-7.968595504760742,tensor([0])
../Images/DataSet\Good_023_Augment_16.png,4.844053268432617,-4.146228313446045,tensor([0])
../Images/DataSet\Good_023_Augment_17.png,5.471832275390625,-4.823062896728516,tensor([0])
../Images/DataSet\Good_023_Augment_18.png,6.25864315032959,-5.5019636154174805,tensor([0])
../Images/DataSet\Good_024_Augment_01.png,4.479803085327148,-3.899149179458618,tensor([0])
../Images/DataSet\Good_024_Augment_02.png,5.695054054260254,-4.75994873046875,tensor([0])
../Images/DataSet\Good_024_Augment_03.png,6.666070938110352,-5.59462833404541,tensor([0])
../Images/DataSet\Good_024_Augment_04.png,4.407587051391602,-3.6673285961151123,tensor([0])
../Images/DataSet\Good_024_Augment_05.png,3.934255599975586,-3.432431936264038,tensor([0])
../Images/DataSet\Good_024_Augment_06.png,5.5446367263793945,-4.925429344177246,tensor([0])
../Images/DataSet\Good_024_Augment_07.png,4.787018775939941,-4.168856143951416,tensor([0])
../Images/DataSet\Good_024_Augment_08.png,2.9893240928649902,-2.522486925125122,tensor([0])
../Images/DataSet\Good_024_Augment_09.png,5.04660701751709,-4.289770126342773,tensor([0])
../Images/DataSet\Good_024_Augment_10.png,6.183425426483154,-5.264452934265137,tensor([0])
../Images/DataSet\Good_024_Augment_11.png,5.656955718994141,-4.57118558883667,tensor([0])
../Images/DataSet\Good_024_Augment_12.png,5.787391662597656,-4.615377426147461,tensor([0])
../Images/DataSet\Good_024_Augment_13.png,6.26506233215332,-5.459142684936523,tensor([0])
../Images/DataSet\Good_024_Augment_14.png,5.530943393707275,-4.753879547119141,tensor([0])
../Images/DataSet\Good_024_Augment_15.png,6.092471122741699,-4.962135314941406,tensor([0])
../Images/DataSet\Good_024_Augment_16.png,5.250304698944092,-4.4133992195129395,tensor([0])
../Images/DataSet\Good_024_Augment_17.png,4.916145324707031,-4.248115062713623,tensor([0])
../Images/DataSet\Good_024_Augment_18.png,5.4110426902771,-4.746356010437012,tensor([0])
../Images/DataSet\Good_025_Augment_01.png,7.572765827178955,-6.152749061584473,tensor([0])
../Images/DataSet\Good_025_Augment_02.png,5.148886203765869,-4.283926486968994,tensor([0])
../Images/DataSet\Good_025_Augment_03.png,5.983778476715088,-4.712411403656006,tensor([0])
../Images/DataSet\Good_025_Augment_04.png,4.415273189544678,-3.617656946182251,tensor([0])
../Images/DataSet\Good_025_Augment_05.png,6.170264720916748,-5.087385654449463,tensor([0])
../Images/DataSet\Good_025_Augment_06.png,5.496531009674072,-4.674262046813965,tensor([0])
../Images/DataSet\Good_025_Augment_07.png,3.919145345687866,-3.2174251079559326,tensor([0])
../Images/DataSet\Good_025_Augment_08.png,-0.6067271828651428,0.8126793503761292,tensor([1])
../Images/DataSet\Good_025_Augment_09.png,4.825836181640625,-3.8570501804351807,tensor([0])
../Images/DataSet\Good_025_Augment_10.png,5.852106094360352,-4.620513916015625,tensor([0])
../Images/DataSet\Good_025_Augment_11.png,5.289645195007324,-4.1334004402160645,tensor([0])
../Images/DataSet\Good_025_Augment_12.png,4.426717758178711,-3.52075457572937,tensor([0])
../Images/DataSet\Good_025_Augment_13.png,4.842850208282471,-3.979461431503296,tensor([0])
../Images/DataSet\Good_025_Augment_14.png,6.273975849151611,-5.436322212219238,tensor([0])
../Images/DataSet\Good_025_Augment_15.png,5.817198276519775,-5.085894584655762,tensor([0])
../Images/DataSet\Good_025_Augment_16.png,5.621545791625977,-4.7597336769104,tensor([0])
../Images/DataSet\Good_025_Augment_17.png,4.1414408683776855,-3.2585017681121826,tensor([0])
../Images/DataSet\Good_025_Augment_18.png,6.315053939819336,-4.995960235595703,tensor([0])
../Images/DataSet\Good_026_Augment_01.png,4.349575996398926,-3.8047878742218018,tensor([0])
../Images/DataSet\Good_026_Augment_02.png,4.731686115264893,-3.8012235164642334,tensor([0])
../Images/DataSet\Good_026_Augment_03.png,6.317756652832031,-4.979206085205078,tensor([0])
../Images/DataSet\Good_026_Augment_04.png,6.548745155334473,-5.368339538574219,tensor([0])
../Images/DataSet\Good_026_Augment_05.png,6.361185550689697,-5.289679527282715,tensor([0])
../Images/DataSet\Good_026_Augment_06.png,7.454840660095215,-6.129885673522949,tensor([0])
../Images/DataSet\Good_026_Augment_07.png,5.319572925567627,-4.270547389984131,tensor([0])
../Images/DataSet\Good_026_Augment_08.png,4.498859882354736,-3.627349853515625,tensor([0])
../Images/DataSet\Good_026_Augment_09.png,5.36705207824707,-4.59839391708374,tensor([0])
../Images/DataSet\Good_026_Augment_10.png,6.479419708251953,-5.7221174240112305,tensor([0])
../Images/DataSet\Good_026_Augment_11.png,7.254100799560547,-5.858061790466309,tensor([0])
../Images/DataSet\Good_026_Augment_12.png,6.968079566955566,-5.340736389160156,tensor([0])
../Images/DataSet\Good_026_Augment_13.png,6.5709075927734375,-5.34421968460083,tensor([0])
../Images/DataSet\Good_026_Augment_14.png,7.986488342285156,-6.586676597595215,tensor([0])
../Images/DataSet\Good_026_Augment_15.png,7.2887678146362305,-5.956738471984863,tensor([0])
../Images/DataSet\Good_026_Augment_16.png,5.689404010772705,-4.568664073944092,tensor([0])
../Images/DataSet\Good_026_Augment_17.png,6.72629451751709,-5.563799858093262,tensor([0])
../Images/DataSet\Good_026_Augment_18.png,6.317111015319824,-5.427595138549805,tensor([0])
../Images/DataSet\Good_027_Augment_01.png,4.822208404541016,-3.9692227840423584,tensor([0])
../Images/DataSet\Good_027_Augment_02.png,5.932827949523926,-4.91131067276001,tensor([0])
../Images/DataSet\Good_027_Augment_03.png,4.563386917114258,-3.7978856563568115,tensor([0])
../Images/DataSet\Good_027_Augment_04.png,6.306157112121582,-5.321913719177246,tensor([0])
../Images/DataSet\Good_027_Augment_05.png,7.123938083648682,-5.988024711608887,tensor([0])
../Images/DataSet\Good_027_Augment_06.png,6.357293128967285,-5.467527866363525,tensor([0])
../Images/DataSet\Good_027_Augment_07.png,9.539922714233398,-7.712579727172852,tensor([0])
../Images/DataSet\Good_027_Augment_08.png,7.599076271057129,-5.94290828704834,tensor([0])
../Images/DataSet\Good_027_Augment_09.png,6.2037129402160645,-4.925421714782715,tensor([0])
../Images/DataSet\Good_027_Augment_10.png,4.492092132568359,-3.719231128692627,tensor([0])
../Images/DataSet\Good_027_Augment_11.png,5.8260931968688965,-4.75517463684082,tensor([0])
../Images/DataSet\Good_027_Augment_12.png,7.977481842041016,-6.451027870178223,tensor([0])
../Images/DataSet\Good_027_Augment_13.png,7.555036544799805,-6.299989700317383,tensor([0])
../Images/DataSet\Good_027_Augment_14.png,8.022486686706543,-6.702853202819824,tensor([0])
../Images/DataSet\Good_027_Augment_15.png,7.719860553741455,-6.455611228942871,tensor([0])
../Images/DataSet\Good_027_Augment_16.png,6.1395463943481445,-4.954575538635254,tensor([0])
../Images/DataSet\Good_027_Augment_17.png,5.871880054473877,-4.637819290161133,tensor([0])
../Images/DataSet\Good_027_Augment_18.png,5.330141067504883,-4.3990159034729,tensor([0])
../Images/DataSet\Good_028_Augment_01.png,7.202950477600098,-5.637920379638672,tensor([0])
../Images/DataSet\Good_028_Augment_02.png,5.592191219329834,-4.4924211502075195,tensor([0])
../Images/DataSet\Good_028_Augment_03.png,7.956501007080078,-6.346088886260986,tensor([0])
../Images/DataSet\Good_028_Augment_04.png,7.435189723968506,-6.071494102478027,tensor([0])
../Images/DataSet\Good_028_Augment_05.png,7.4812397956848145,-6.153069972991943,tensor([0])
../Images/DataSet\Good_028_Augment_06.png,10.501432418823242,-8.142560958862305,tensor([0])
../Images/DataSet\Good_028_Augment_07.png,9.191404342651367,-7.1485371589660645,tensor([0])
../Images/DataSet\Good_028_Augment_08.png,5.964588165283203,-4.598639488220215,tensor([0])
../Images/DataSet\Good_028_Augment_09.png,5.501829147338867,-4.475813865661621,tensor([0])
../Images/DataSet\Good_028_Augment_10.png,4.641158103942871,-3.614783525466919,tensor([0])
../Images/DataSet\Good_028_Augment_11.png,5.214184761047363,-4.054524898529053,tensor([0])
../Images/DataSet\Good_028_Augment_12.png,7.942496299743652,-6.306906700134277,tensor([0])
../Images/DataSet\Good_028_Augment_13.png,6.526793479919434,-5.269386291503906,tensor([0])
../Images/DataSet\Good_028_Augment_14.png,7.276638031005859,-5.964217662811279,tensor([0])
../Images/DataSet\Good_028_Augment_15.png,9.755940437316895,-7.671175956726074,tensor([0])
../Images/DataSet\Good_028_Augment_16.png,11.092596054077148,-8.601407051086426,tensor([0])
../Images/DataSet\Good_028_Augment_17.png,8.504488945007324,-6.80910062789917,tensor([0])
../Images/DataSet\Good_028_Augment_18.png,5.65411901473999,-4.593338966369629,tensor([0])
